event_id,user_id,event_type,account_id,ts,property_milestone,property_feature,property_revenue
evt_001,u_101,visit,,2026-01-05 14:00:00,,,
evt_002,u_101,signup,a_001,2026-01-05 14:12:00,,,
evt_003,u_101,mql_qualified,a_001,2026-01-10 10:00:00,,,
evt_004,u_101,sql_qualified,a_001,2026-01-25 09:00:00,,,
evt_005,u_101,activation_milestone_reached,a_001,2026-02-16 14:00:00,first_query,query_builder,
evt_006,u_102,visit,,2026-01-15 11:00:00,,,
evt_007,u_102,signup,a_002,2026-01-15 11:14:00,,,
evt_008,u_102,activation_milestone_reached,a_002,2026-02-01 10:00:00,first_query,query_builder,
evt_009,u_103,visit,,2025-10-02 09:00:00,,,
evt_010,u_103,signup,a_003,2025-10-02 09:16:00,,,
evt_011,u_103,mql_qualified,a_003,2025-10-15 10:00:00,,,
evt_012,u_103,sql_qualified,a_003,2025-11-20 10:00:00,,,
evt_013,u_103,activation_milestone_reached,a_003,2025-12-01 10:00:00,first_query,query_builder,
evt_014,u_103,expansion_event,a_003,2026-09-01 14:00:00,added_seat,,8000
evt_015,u_104,visit,,2026-01-02 10:00:00,,,
evt_016,u_104,signup,a_004,2026-01-02 10:11:00,,,
evt_017,u_104,mql_qualified,a_004,2026-01-10 10:00:00,,,
evt_018,u_105,visit,,2026-01-20 11:00:00,,,
evt_019,u_105,signup,a_005,2026-01-20 11:14:00,,,
evt_020,u_105,sql_qualified,a_005,2026-03-01 10:00:00,,,
evt_021,u_105,activation_milestone_reached,a_005,2026-04-05 10:00:00,first_query,query_builder,
evt_022,u_106,visit,,2026-02-10 10:00:00,,,
evt_023,u_106,signup,a_006,2026-02-10 10:14:00,,,
evt_024,u_106,activation_milestone_reached,a_006,2026-07-15 10:00:00,first_query,query_builder,
evt_025,u_107,visit,,2026-02-20 10:00:00,,,
evt_026,u_107,signup,a_007,2026-02-20 10:14:00,,,
evt_027,u_107,activation_milestone_reached,a_007,2026-09-20 10:00:00,first_query,query_builder,
evt_028,u_108,visit,,2026-01-25 11:00:00,,,
evt_029,u_108,signup,a_008,2026-01-25 11:14:00,,,
evt_030,u_108,activation_milestone_reached,a_008,2026-03-22 10:00:00,first_query,query_builder,
evt_031,u_109,visit,,2025-12-10 10:00:00,,,
evt_032,u_109,signup,a_009,2025-12-10 10:14:00,,,
evt_033,u_109,activation_milestone_reached,a_009,2026-05-30 10:00:00,first_query,query_builder,
evt_034,u_110,visit,,2025-11-18 10:00:00,,,
evt_035,u_110,signup,a_010,2025-11-18 10:14:00,,,
evt_036,u_110,activation_milestone_reached,a_010,2026-02-15 10:00:00,first_query,query_builder,
