team,quarter_start,quota_cents
NAMER-ENT,2026-01-01,25000000
NAMER-ENT,2026-04-01,30000000
NAMER-ENT,2026-07-01,35000000
NAMER-ENT,2026-10-01,40000000
NAMER-SMB,2026-01-01,8000000
NAMER-SMB,2026-04-01,10000000
NAMER-SMB,2026-07-01,12000000
NAMER-SMB,2026-10-01,14000000
NAMER-MM,2026-01-01,15000000
NAMER-MM,2026-04-01,18000000
NAMER-MM,2026-07-01,20000000
NAMER-MM,2026-10-01,22000000
APAC-ENT,2026-01-01,20000000
APAC-ENT,2026-04-01,22000000
APAC-ENT,2026-07-01,24000000
APAC-ENT,2026-10-01,26000000
EMEA-MM,2026-01-01,12000000
EMEA-MM,2026-04-01,14000000
EMEA-MM,2026-07-01,16000000
EMEA-MM,2026-10-01,18000000
EMEA-ENT,2026-01-01,22000000
EMEA-ENT,2026-04-01,24000000
EMEA-ENT,2026-07-01,26000000
EMEA-ENT,2026-10-01,28000000
NAMER-ENT,2027-01-01,43200000
NAMER-MM,2027-01-01,27000000
NAMER-SMB,2027-01-01,12960000
EMEA-ENT,2027-01-01,34560000
EMEA-MM,2027-01-01,19440000
APAC-ENT,2027-01-01,23760000
NAMER-ENT,2027-04-01,46656000
NAMER-MM,2027-04-01,29160000
NAMER-SMB,2027-04-01,13996800
EMEA-ENT,2027-04-01,37324800
EMEA-MM,2027-04-01,20995200
APAC-ENT,2027-04-01,25660800
NAMER-ENT,2027-07-01,50388480
NAMER-MM,2027-07-01,31492800
NAMER-SMB,2027-07-01,15116544
EMEA-ENT,2027-07-01,40310784
EMEA-MM,2027-07-01,22674816
APAC-ENT,2027-07-01,27713664
NAMER-ENT,2027-10-01,54419558
NAMER-MM,2027-10-01,34012224
NAMER-SMB,2027-10-01,16325867
EMEA-ENT,2027-10-01,43535646
EMEA-MM,2027-10-01,24488801
APAC-ENT,2027-10-01,29930757
