quarter_start,segment,gross_margin_pct,segment_mix_pct
2026-01-01,SMB,0.65,0.40
2026-01-01,MM,0.78,0.35
2026-01-01,ENT,0.85,0.25
2026-04-01,SMB,0.65,0.38
2026-04-01,MM,0.78,0.37
2026-04-01,ENT,0.85,0.25
2026-07-01,SMB,0.66,0.35
2026-07-01,MM,0.79,0.38
2026-07-01,ENT,0.85,0.27
2026-10-01,SMB,0.66,0.33
2026-10-01,MM,0.80,0.40
2026-10-01,ENT,0.86,0.27
2027-01-01,SMB,0.66,0.31
2027-01-01,MM,0.8,0.42
2027-01-01,ENT,0.86,0.27
2027-04-01,SMB,0.67,0.29
2027-04-01,MM,0.81,0.44
2027-04-01,ENT,0.87,0.27
2027-07-01,SMB,0.67,0.28
2027-07-01,MM,0.81,0.45
2027-07-01,ENT,0.87,0.27
2027-10-01,SMB,0.68,0.26
2027-10-01,MM,0.82,0.46
2027-10-01,ENT,0.88,0.28
