id,name,segment,region,industry,created_at
a_001,Acme Corp,MM,NAMER,Manufacturing,2024-05-10 10:00:00
a_002,BlueRiver Health,SMB,NAMER,Healthcare,2025-10-15 09:00:00
a_003,Novanet Logistics,ENT,EMEA,Logistics,2024-08-20 11:00:00
a_004,Pembroke Finance,SMB,NAMER,Financial Services,2025-11-05 14:00:00
a_005,Granite Peak Software,MM,NAMER,Software,2025-09-18 10:00:00
a_006,Sentinel Robotics,ENT,APAC,Robotics,2024-11-30 09:00:00
a_007,HarborWave Media,SMB,NAMER,Media,2025-10-28 10:00:00
a_008,Delta Agronomics,SMB,LATAM,Agriculture,2025-11-01 09:00:00
a_009,Marbury Legal,MM,NAMER,Legal,2025-09-15 10:00:00
a_010,Kestrel Diagnostics,MM,EMEA,Healthcare,2025-10-10 09:00:00
a_011,Oakshire Retail,MM,NAMER,Retail,2025-10-20 10:00:00
a_012,Vireo Education,SMB,APAC,Education,2025-10-05 09:00:00
a_013,Terrace Mobility,MM,EMEA,Mobility,2025-12-01 10:00:00
a_014,Whitlock Pharma,ENT,NAMER,Pharmaceuticals,2024-10-15 09:00:00
a_015,Haven Ridge Energy,SMB,NAMER,Energy,2026-01-10 10:00:00
a_016,Monarch Industrial,ENT,NAMER,Manufacturing,2026-10-05 09:00:00
a_017,Lumen Diagnostics,MM,NAMER,Healthcare,2026-10-18 10:00:00
a_018,Ashford Logistics,ENT,EMEA,Logistics,2026-11-12 09:00:00
a_019,Vellum Education,SMB,APAC,Education,2026-11-28 10:00:00
a_020,Crescent Payments,MM,NAMER,Financial Services,2026-12-15 09:00:00
a_021,Northgate Robotics,ENT,APAC,Robotics,2027-01-20 10:00:00
a_022,Beacon Retail Group,MM,NAMER,Retail,2027-02-10 09:00:00
a_023,Thornwood Pharma,ENT,EMEA,Pharmaceuticals,2027-03-05 10:00:00
a_024,Fieldstone Agronomics,SMB,LATAM,Agriculture,2027-04-15 09:00:00
a_025,Verdant Energy,MM,NAMER,Energy,2027-05-22 10:00:00
a_026,Ironridge Mobility,ENT,EMEA,Mobility,2027-07-10 09:00:00
a_027,Larkfield Media,SMB,NAMER,Media,2027-09-01 10:00:00
