subscription_id,customer_id,plan_id,status,quantity,unit_amount,valid_from,valid_to
sub_001,cust_001,pro,active,1,2000,2025-11-02,2026-05-19
sub_001,cust_001,pro,active,2,2000,2026-05-20,
sub_002,cust_002,starter,active,1,450,2026-01-28,
sub_003,cust_003,enterprise,active,1,15000,2025-10-05,
sub_004,cust_004,pro,active,1,2000,2026-06-11,
sub_005,cust_005,pro,active,1,2000,2026-04-02,
sub_006,cust_006,enterprise,active,1,20000,2026-07-01,
sub_007,cust_007,pro,active,1,2000,2026-09-15,
sub_008,cust_008,starter,active,1,450,2026-03-18,
sub_009,cust_009,enterprise,active,1,12000,2026-05-25,
sub_010,cust_010,pro,active,1,2000,2026-02-10,
sub_011,cust_011,pro,active,1,2000,2026-04-20,2026-08-14
sub_011,cust_011,pro,canceled,1,2000,2026-08-15,
sub_012,cust_012,starter,active,1,450,2026-01-15,
sub_013,cust_013,pro,active,1,2000,2026-06-30,
sub_014,cust_014,enterprise,active,1,17500,2026-08-22,
sub_015,cust_015,pro,trialing,1,2000,2026-09-15,2026-10-05
sub_015,cust_015,pro,active,1,2000,2026-10-06,
sub_016,cust_016,pro,active,1,2000,2026-03-05,2026-06-30
sub_016,cust_016,pro,past_due,1,2000,2026-07-01,2026-07-31
sub_016,cust_016,pro,canceled,1,2000,2026-08-01,
sub_017,cust_017,starter,active,1,450,2026-05-11,2026-08-31
sub_017,cust_017,pro,active,1,2000,2026-09-01,
sub_018,cust_018,enterprise,active,1,10000,2026-04-15,
